Company,Year,Q1,Q2,Q3,Q4
Maruti Suzuki,2019,401291,362016,300105,401038
Hyundai,2019,133263,126514,117920,132563
Tata,2019,52804,36946,25898,36354
Mahindra,2019,72901,56204,43138,47439
Kia,2019,0,0,13990,31504
Honda,2019,48987,33028,27842,24881
Toyota,2019,35799,32853,31327,26722
Renault,2019,19193,17605,17709,34362
Ford,2019,22640,18209,17357,15430
Nissan,2019,3251,1395,896,1368
MG,2019,0,0,6134,9796
Volkswagen,2019,8171,7143,7377,9633
Skoda,2019,3900,3261,3473,4650
Jeep,2019,4012,2972,1717,2234
Maruti Suzuki,2021,429966,293062,300030,341729
Hyundai,2021,156205,114499,127995,106334
Tata,2021,83859,64387,83930,98376
Mahindra,2021,53843,42925,49446,56910
Kia,2021,53536,42176,46207,38342
Honda,2021,27747,15871,23997,21538
Toyota,2021,40192,19126,35156,36325
Renault,2021,31608,17362,26816,20092
Ford,2021,17662,11171,4647,0
Nissan,2021,12277,7940,10079,8794
MG,2021,13459,7139,11366,7894
Volkswagen,2021,5386,4591,6156,9931
Skoda,2021,3016,2411,9936,8494
Jeep,2021,2857,2110,3393,3292
